engine,size_tokens_cl100k,concurrency,requests_ok,throughput_rps,throughput_ratio_vs_none,latency_p50,latency_p95,latency_p99,latency_p50_delta_ms,latency_p99_delta_ms,tokenize_ms_mean,server_total_ms_mean,error_rate
none,1024,1,102,20.327,1.0,49.001,52.843,53.314,0.0,0.0,0.0,4.438,0.0
none,1024,10,1022,202.44,1.0,48.491,54.14,58.566,0.0,0.0,0.0,3.585,0.0
none,1024,50,1168,224.68,1.0,82.442,916.69,2063.361,0.0,0.0,0.0,30.096,0.0
none,1024,100,768,136.593,1.0,476.76,2051.72,3170.6,0.0,0.0,0.0,5.217,0.0
tiktoken/cl100k_base,1024,1,103,20.551,1.011,48.286,51.472,52.935,-0.715,-0.379,0.337,4.045,0.0
tiktoken/cl100k_base,1024,10,989,196.145,0.9689,50.103,56.548,60.409,1.612,1.842,0.294,4.647,0.0
tiktoken/cl100k_base,1024,50,1190,225.986,1.0058,92.903,896.404,1495.194,10.461,-568.167,0.283,46.727,0.0008
tiktoken/cl100k_base,1024,100,720,120.975,0.8857,559.089,2120.805,2868.927,82.329,-301.673,0.298,7.618,0.0
tiktoken/o200k_base,1024,1,104,20.629,1.0149,48.31,51.012,52.525,-0.691,-0.789,0.24,3.93,0.0
tiktoken/o200k_base,1024,10,1008,199.965,0.9878,48.832,54.939,59.099,0.341,0.533,0.188,3.744,0.0
tiktoken/o200k_base,1024,50,1117,211.524,0.9414,97.702,906.081,1642.716,15.261,-420.645,0.204,45.754,0.0
tiktoken/o200k_base,1024,100,809,147.588,1.0805,450.266,1861.214,3247.469,-26.494,76.87,0.221,4.592,0.0
hf/llama,1024,1,99,19.673,0.9678,51.144,52.941,53.363,2.143,0.049,1.449,5.352,0.0
hf/llama,1024,10,896,177.573,0.8772,54.792,66.932,88.6,6.301,30.034,1.229,9.471,0.0
hf/llama,1024,50,1038,204.842,0.9117,77.828,899.677,1416.595,-4.614,-646.766,1.188,10.482,0.0
hf/llama,1024,100,530,94.299,0.6904,731.764,3158.886,4625.934,255.004,1455.335,1.326,84.509,0.0019
sentencepiece/llama,1024,1,98,19.431,0.9559,51.316,53.723,54.6,2.315,1.286,1.785,6.276,0.0
sentencepiece/llama,1024,10,897,177.647,0.8775,55.641,68.307,84.59,7.15,26.023,1.382,10.449,0.0
sentencepiece/llama,1024,50,994,195.444,0.8699,78.694,959.05,1513.496,-3.748,-549.866,1.413,11.576,0.0
sentencepiece/llama,1024,100,542,93.607,0.6853,842.14,2699.148,4321.615,365.381,1151.015,1.389,116.223,0.0018
none,16384,1,342,68.19,1.0,8.232,50.924,54.067,0.0,0.0,0.0,5.165,0.0
none,16384,10,1554,308.042,1.0,25.461,72.282,105.606,0.0,0.0,0.0,25.036,0.0
none,16384,50,1121,214.722,1.0,164.287,646.556,900.833,0.0,0.0,0.0,142.715,0.0
none,16384,100,707,121.601,1.0,567.937,2154.664,3360.854,0.0,0.0,0.0,52.711,0.0
tiktoken/cl100k_base,16384,1,347,69.273,1.0159,10.867,53.48,56.565,2.635,2.498,3.483,8.922,0.0
tiktoken/cl100k_base,16384,10,807,160.175,0.52,52.3,133.891,188.809,26.839,83.203,3.493,54.629,0.0
tiktoken/cl100k_base,16384,50,818,158.526,0.7383,244.471,766.16,1078.143,80.184,177.311,3.519,291.405,0.0
tiktoken/cl100k_base,16384,100,569,97.092,0.7984,774.547,2495.273,3710.969,206.609,350.115,3.527,83.921,0.0
tiktoken/o200k_base,16384,1,414,82.538,1.2104,9.304,52.103,54.875,1.071,0.808,2.132,7.202,0.0
tiktoken/o200k_base,16384,10,1098,217.78,0.707,38.132,94.515,129.881,12.671,24.275,2.113,34.571,0.0
tiktoken/o200k_base,16384,50,1030,200.123,0.932,143.104,822.813,1238.362,-21.183,337.53,2.156,90.408,0.0
tiktoken/o200k_base,16384,100,610,105.228,0.8654,673.018,2711.164,3768.975,105.081,408.121,2.097,80.156,0.0
hf/llama,16384,1,170,33.837,0.4962,28.27,33.714,76.786,20.037,22.719,18.337,24.166,0.0
hf/llama,16384,10,233,46.227,0.1501,191.048,401.611,642.245,165.587,536.639,18.542,191.556,0.0
hf/llama,16384,50,244,47.246,0.22,840.027,2682.138,3270.253,675.74,2369.42,17.78,923.324,0.0
hf/llama,16384,100,211,39.507,0.3249,2143.204,5122.728,5199.895,1575.267,1839.041,17.658,2054.041,0.0
sentencepiece/llama,16384,1,139,27.797,0.4076,33.203,72.177,80.781,24.97,26.714,25.198,30.839,0.0
sentencepiece/llama,16384,10,181,35.744,0.116,246.89,637.262,805.085,221.429,699.479,24.974,247.855,0.0
sentencepiece/llama,16384,50,183,35.266,0.1642,1133.038,3184.781,5084.483,968.751,4183.65,24.975,1199.127,0.0
sentencepiece/llama,16384,100,159,29.815,0.2452,3535.95,5253.276,5300.031,2968.013,1939.177,24.785,2484.569,0.0
none,256,1,103,20.599,1.0,48.315,50.772,52.46,0.0,0.0,0.0,3.881,0.0
none,256,10,1027,203.946,1.0,48.158,53.341,65.712,0.0,0.0,0.0,3.81,0.0
none,256,50,1214,239.805,1.0,72.22,857.491,1537.714,0.0,0.0,0.0,21.781,0.0
none,256,100,557,97.352,1.0,779.657,2740.378,3905.009,0.0,0.0,0.0,113.241,0.0036
tiktoken/cl100k_base,256,1,102,20.245,0.9828,49.139,52.191,54.186,0.824,1.726,0.172,4.565,0.0
tiktoken/cl100k_base,256,10,1016,201.257,0.9868,48.697,54.339,59.72,0.539,-5.992,0.113,3.987,0.0
tiktoken/cl100k_base,256,50,1085,214.357,0.8939,69.78,992.84,1505.167,-2.44,-32.547,0.111,7.449,0.0
tiktoken/cl100k_base,256,100,517,90.059,0.9251,827.683,3200.02,4228.205,48.027,323.196,0.133,105.499,0.0019
tiktoken/o200k_base,256,1,102,20.395,0.9901,48.588,52.273,53.515,0.273,1.055,0.14,4.451,0.0
tiktoken/o200k_base,256,10,1022,202.603,0.9934,48.735,54.037,56.41,0.576,-9.303,0.081,4.188,0.0
tiktoken/o200k_base,256,50,1056,208.608,0.8699,72.465,937.194,1450.729,0.244,-86.985,0.089,8.362,0.0009
tiktoken/o200k_base,256,100,564,100.969,1.0372,722.379,2931.164,3951.314,-57.278,46.304,0.094,79.471,0.0018
hf/llama,256,1,101,20.088,0.9752,49.381,52.931,53.835,1.066,1.375,0.566,4.87,0.0
hf/llama,256,10,1002,198.589,0.9737,49.451,55.916,58.573,1.293,-7.139,0.385,4.913,0.0
hf/llama,256,50,1085,214.307,0.8937,71.279,930.688,1488.177,-0.941,-49.537,0.39,8.896,0.0
hf/llama,256,100,545,96.882,0.9952,747.568,2985.767,4163.314,-32.088,258.305,0.423,87.239,0.0
sentencepiece/llama,256,1,101,20.192,0.9802,49.394,52.321,53.411,1.079,0.951,0.516,4.746,0.0
sentencepiece/llama,256,10,997,198.221,0.9719,49.604,55.91,59.732,1.446,-5.981,0.375,4.822,0.0
sentencepiece/llama,256,50,1084,211.939,0.8838,70.937,882.024,1632.627,-1.283,94.913,0.384,6.904,0.0
sentencepiece/llama,256,100,554,98.472,1.0115,721.44,2751.114,4701.14,-58.216,796.131,0.383,89.094,0.0
none,4096,1,103,20.597,1.0,48.226,50.807,52.321,0.0,0.0,0.0,3.891,0.0
none,4096,10,1022,202.243,1.0,48.413,53.682,57.914,0.0,0.0,0.0,3.7,0.0
none,4096,50,1030,202.813,1.0,71.877,932.906,1663.223,0.0,0.0,0.0,7.128,0.001
none,4096,100,620,104.336,1.0,748.396,2207.668,3586.87,0.0,0.0,0.0,132.811,0.0
tiktoken/cl100k_base,4096,1,100,19.805,0.9615,50.418,53.435,54.005,2.192,1.684,1.194,5.384,0.0
tiktoken/cl100k_base,4096,10,940,186.069,0.92,53.31,61.323,68.073,4.897,10.16,0.902,8.313,0.0
tiktoken/cl100k_base,4096,50,1024,202.187,0.9969,74.003,968.274,1642.916,2.126,-20.307,0.898,9.34,0.0
tiktoken/cl100k_base,4096,100,561,96.723,0.927,797.331,2919.297,3892.196,48.935,305.326,0.916,121.857,0.0
tiktoken/o200k_base,4096,1,100,19.846,0.9635,50.335,53.493,54.457,2.109,2.135,0.801,5.355,0.0
tiktoken/o200k_base,4096,10,972,193.496,0.9568,51.286,58.852,62.208,2.873,4.295,0.57,6.025,0.0
tiktoken/o200k_base,4096,50,1208,234.415,1.1558,122.305,702.885,1224.284,50.428,-438.939,0.588,103.667,0.0
tiktoken/o200k_base,4096,100,552,95.583,0.9161,769.28,2862.894,3808.97,20.885,222.099,0.59,102.94,0.0
hf/llama,4096,1,89,17.704,0.8595,55.915,61.917,66.419,7.689,14.098,4.882,11.514,0.0
hf/llama,4096,10,675,134.131,0.6632,64.418,142.906,186.012,16.005,128.099,4.59,59.512,0.0
hf/llama,4096,50,667,127.193,0.6271,319.996,879.195,1191.037,248.119,-472.187,4.694,365.694,0.0
hf/llama,4096,100,474,79.824,0.7651,894.112,3222.597,4347.692,145.716,760.822,4.738,133.68,0.0
sentencepiece/llama,4096,1,88,17.514,0.8503,56.899,60.765,62.107,8.673,9.786,6.058,12.064,0.0
sentencepiece/llama,4096,10,601,119.008,0.5884,74.101,166.241,248.285,25.688,190.371,5.792,72.197,0.0
sentencepiece/llama,4096,50,593,110.892,0.5468,330.901,988.394,1414.753,259.024,-248.47,5.938,408.403,0.0
sentencepiece/llama,4096,100,499,81.189,0.7781,884.671,3188.651,4738.386,136.276,1151.516,5.865,136.327,0.0
