architecture,price_tier,concurrency,abort_bin,client_type,n_records,requests_issued,total_leak_absolute,leak_per_request,leakage_efficiency_mean,request_asr,request_asr_lo,request_asr_hi,invariant_violation_rate,tokens_delivered_mean,client_latency_p50,client_latency_p95,cancel_to_commit_mean_ms,throughput_rps,detection
pre_debit,medium,1,0,attacker,20,20,0.0,0.0,0.0,0.0,0.0,0.1611,0.0,1.0,9.42,12.48,0.0,86.32,n/a
pre_debit,medium,1,25,attacker,20,20,0.0,0.0,0.0,0.0,0.0,0.1611,0.0,17.0,98.95,103.76,0.0,9.92,n/a
pre_debit,medium,1,50,attacker,20,20,0.0,0.0,0.0,0.0,0.0,0.1611,0.0,34.0,192.01,206.05,0.0,5.14,n/a
pre_debit,medium,1,75,attacker,20,20,0.0,0.0,0.0,0.0,0.0,0.1611,0.0,52.0,305.61,310.63,0.0,3.26,n/a
pre_debit,medium,1,90,attacker,20,20,0.0,0.0,0.0,0.0,0.0,0.1611,0.0,62.0,361.13,369.82,0.0,2.77,n/a
pre_debit,medium,1,100.0,honest,20,20,0.0,0.0,0.0,0.0,0.0,0.1611,0.0,69.0,408.0,431.72,0.0,2.44,n/a
pre_debit,medium,5,0,attacker,20,20,0.0,0.0,0.0,0.0,0.0,0.1611,0.0,1.0,15.44,20.64,0.0,267.58,n/a
pre_debit,medium,5,25,attacker,20,20,0.0,0.0,0.0,0.0,0.0,0.1611,0.0,17.0,103.22,108.25,0.0,47.66,n/a
pre_debit,medium,5,50,attacker,20,20,0.0,0.0,0.0,0.0,0.0,0.1611,0.0,34.0,197.47,206.07,0.0,24.73,n/a
pre_debit,medium,5,75,attacker,20,20,0.0,0.0,0.0,0.0,0.0,0.1611,0.0,52.0,297.27,317.31,0.0,16.51,n/a
pre_debit,medium,5,90,attacker,20,20,0.0,0.0,0.0,0.0,0.0,0.1611,0.0,62.0,358.64,371.12,0.0,13.84,n/a
pre_debit,medium,5,100.0,honest,20,20,0.0,0.0,0.0,0.0,0.0,0.1611,0.0,69.0,409.66,426.37,0.0,12.13,n/a
pre_debit,medium,20,0,attacker,20,20,0.0,0.0,0.0,0.0,0.0,0.1611,0.0,1.0,53.95,69.23,0.0,278.11,n/a
pre_debit,medium,20,25,attacker,20,20,0.0,0.0,0.0,0.0,0.0,0.1611,0.0,17.0,140.92,152.11,0.0,128.56,n/a
pre_debit,medium,20,50,attacker,20,20,0.0,0.0,0.0,0.0,0.0,0.1611,0.0,34.0,234.63,243.81,0.0,81.64,n/a
pre_debit,medium,20,75,attacker,20,20,0.0,0.0,0.0,0.0,0.0,0.1611,0.0,52.0,339.54,349.11,0.0,56.59,n/a
pre_debit,medium,20,90,attacker,20,20,0.0,0.0,0.0,0.0,0.0,0.1611,0.0,62.0,408.4,416.2,0.0,47.82,n/a
pre_debit,medium,20,100.0,honest,20,20,0.0,0.0,0.0,0.0,0.0,0.1611,0.0,69.0,442.23,451.52,0.0,43.77,n/a
pre_debit,medium,50,0,attacker,20,20,0.0,0.0,0.0,0.0,0.0,0.1611,0.0,1.0,53.82,68.48,0.0,280.32,n/a
pre_debit,medium,50,25,attacker,20,20,0.0,0.0,0.0,0.0,0.0,0.1611,0.0,17.0,133.07,143.44,0.0,134.51,n/a
pre_debit,medium,50,50,attacker,20,20,0.0,0.0,0.0,0.0,0.0,0.1611,0.0,34.0,239.15,250.49,0.0,79.44,n/a
pre_debit,medium,50,75,attacker,20,20,0.0,0.0,0.0,0.0,0.0,0.1611,0.0,52.0,343.33,350.33,0.0,56.23,n/a
pre_debit,medium,50,90,attacker,20,20,0.0,0.0,0.0,0.0,0.0,0.1611,0.0,62.0,392.82,400.65,0.0,49.76,n/a
pre_debit,medium,50,100.0,honest,20,20,0.0,0.0,0.0,0.0,0.0,0.1611,0.0,69.0,453.96,465.85,0.0,42.84,n/a
pre_debit,medium,100,0,attacker,20,20,0.0,0.0,0.0,0.0,0.0,0.1611,0.0,1.0,57.64,74.32,0.0,255.71,n/a
pre_debit,medium,100,25,attacker,20,20,0.0,0.0,0.0,0.0,0.0,0.1611,0.0,17.0,138.7,146.99,0.0,132.9,n/a
pre_debit,medium,100,50,attacker,20,20,0.0,0.0,0.0,0.0,0.0,0.1611,0.0,34.0,240.47,248.68,0.0,79.79,n/a
pre_debit,medium,100,75,attacker,20,20,0.0,0.0,0.0,0.0,0.0,0.1611,0.0,52.0,340.71,350.06,0.0,56.26,n/a
pre_debit,medium,100,90,attacker,20,20,0.0,0.0,0.0,0.0,0.0,0.1611,0.0,62.0,403.68,412.02,0.0,48.14,n/a
pre_debit,medium,100,100.0,honest,20,20,0.0,0.0,0.0,0.0,0.0,0.1611,0.0,69.0,475.05,485.0,0.0,41.01,n/a
reserve_reconcile,medium,1,0,attacker,20,20,0.0,0.0,0.0,0.0,0.0,0.1611,0.0,1.0,6.87,10.58,0.0,108.35,n/a
reserve_reconcile,medium,1,25,attacker,20,20,0.0,0.0,0.0,0.0,0.0,0.1611,0.0,17.0,99.32,106.13,0.0,9.88,n/a
reserve_reconcile,medium,1,50,attacker,20,20,0.0,0.0,0.0,0.0,0.0,0.1611,0.0,34.0,196.1,203.54,0.0,5.08,n/a
reserve_reconcile,medium,1,75,attacker,20,20,0.0,0.0,0.0,0.0,0.0,0.1611,0.0,52.0,303.84,315.93,0.0,3.29,n/a
reserve_reconcile,medium,1,90,attacker,20,20,0.0,0.0,0.0,0.0,0.0,0.1611,0.0,62.0,364.08,370.12,2.453,2.75,n/a
reserve_reconcile,medium,1,100.0,honest,20,20,0.0,0.0,0.0,0.0,0.0,0.1611,0.0,69.0,402.95,417.33,0.0,2.48,n/a
reserve_reconcile,medium,5,0,attacker,20,20,0.0,0.0,0.0,0.0,0.0,0.1611,0.0,1.0,17.52,30.08,0.0,227.96,n/a
reserve_reconcile,medium,5,25,attacker,20,20,0.0,0.0,0.0,0.0,0.0,0.1611,0.0,17.0,104.55,112.77,0.0,47.34,n/a
reserve_reconcile,medium,5,50,attacker,20,20,0.0,0.0,0.0,0.0,0.0,0.1611,0.0,34.0,199.85,204.11,0.0,24.73,n/a
reserve_reconcile,medium,5,75,attacker,20,20,0.0,0.0,0.0,0.0,0.0,0.1611,0.0,52.0,305.61,315.69,0.0,16.25,n/a
reserve_reconcile,medium,5,90,attacker,20,20,0.0,0.0,0.0,0.0,0.0,0.1611,0.0,62.0,370.98,384.25,0.0,13.46,n/a
reserve_reconcile,medium,5,100.0,honest,20,20,0.0,0.0,0.0,0.0,0.0,0.1611,0.0,69.0,409.06,415.8,0.0,12.2,n/a
reserve_reconcile,medium,20,0,attacker,20,20,0.0,0.0,0.0,0.0,0.0,0.1611,0.0,1.0,56.4,93.3,0.0,206.03,n/a
reserve_reconcile,medium,20,25,attacker,20,20,0.0,0.0,0.0,0.0,0.0,0.1611,0.0,17.0,139.21,147.78,0.0,134.94,n/a
reserve_reconcile,medium,20,50,attacker,20,20,0.0,0.0,0.0,0.0,0.0,0.1611,0.0,34.0,243.49,251.79,0.0,78.99,n/a
reserve_reconcile,medium,20,75,attacker,20,20,0.0,0.0,0.0,0.0,0.0,0.1611,0.0,52.0,342.58,351.21,0.0,56.4,n/a
reserve_reconcile,medium,20,90,attacker,20,20,0.0,0.0,0.0,0.0,0.0,0.1611,0.0,62.0,409.17,417.81,0.0,47.67,n/a
reserve_reconcile,medium,20,100.0,honest,20,20,0.0,0.0,0.0,0.0,0.0,0.1611,0.0,69.0,454.02,469.44,0.0,42.4,n/a
reserve_reconcile,medium,50,0,attacker,20,20,0.0,0.0,0.0,0.0,0.0,0.1611,0.0,1.0,50.64,76.35,0.0,217.51,n/a
reserve_reconcile,medium,50,25,attacker,20,20,0.0,0.0,0.0,0.0,0.0,0.1611,0.0,17.0,141.55,152.25,0.0,129.79,n/a
reserve_reconcile,medium,50,50,attacker,20,20,0.0,0.0,0.0,0.0,0.0,0.1611,0.0,34.0,230.48,239.29,0.0,82.77,n/a
reserve_reconcile,medium,50,75,attacker,20,20,0.0,0.0,0.0,0.0,0.0,0.1611,0.0,52.0,337.35,347.9,0.0,57.32,n/a
reserve_reconcile,medium,50,90,attacker,20,20,0.0,0.0,0.0,0.0,0.0,0.1611,0.0,62.0,395.1,404.76,0.0,49.03,n/a
reserve_reconcile,medium,50,100.0,honest,20,20,0.0,0.0,0.0,0.0,0.0,0.1611,0.0,69.0,453.12,462.63,0.0,42.76,n/a
reserve_reconcile,medium,100,0,attacker,20,20,0.0,0.0,0.0,0.0,0.0,0.1611,0.0,1.0,53.07,82.91,0.0,188.14,n/a
reserve_reconcile,medium,100,25,attacker,20,20,0.0,0.0,0.0,0.0,0.0,0.1611,0.0,17.0,127.77,138.93,0.0,140.56,n/a
reserve_reconcile,medium,100,50,attacker,20,20,0.0,0.0,0.0,0.0,0.0,0.1611,0.0,34.0,238.23,245.39,0.0,80.8,n/a
reserve_reconcile,medium,100,75,attacker,20,20,0.0,0.0,0.0,0.0,0.0,0.1611,0.0,52.0,333.13,342.23,0.0,58.31,n/a
reserve_reconcile,medium,100,90,attacker,20,20,0.0,0.0,0.0,0.0,0.0,0.1611,0.0,62.0,400.3,407.27,0.0,48.91,n/a
reserve_reconcile,medium,100,100.0,honest,20,20,0.0,0.0,0.0,0.0,0.0,0.1611,0.0,69.0,450.86,461.29,0.0,43.14,n/a
post_completion,medium,1,0,attacker,20,20,0.09,0.0045,1.0,1.0,0.8389,1.0,1.0,1.0,5.97,9.1,0.0,121.89,D0
post_completion,medium,1,25,attacker,20,20,0.57,0.0285,1.0,1.0,0.8389,1.0,1.0,17.0,96.01,100.55,0.0,10.19,D0
post_completion,medium,1,50,attacker,20,20,1.08,0.054,1.0,1.0,0.8389,1.0,1.0,34.0,188.98,195.35,0.0,5.22,D0
post_completion,medium,1,75,attacker,20,20,1.62,0.081,1.0,1.0,0.8389,1.0,1.0,52.0,290.4,299.24,0.0,3.42,D0
post_completion,medium,1,90,attacker,20,20,1.92,0.096,1.0,1.0,0.8389,1.0,1.0,62.0,351.25,356.2,0.0,2.84,D0
post_completion,medium,1,100.0,honest,20,20,0.0,0.0,0.0,0.0,0.0,0.1611,0.0,69.0,390.87,399.43,0.0,2.54,n/a
post_completion,medium,5,0,attacker,20,20,0.09,0.0045,1.0,1.0,0.8389,1.0,1.0,1.0,13.36,18.23,0.0,298.18,D0
post_completion,medium,5,25,attacker,20,20,0.57,0.0285,1.0,1.0,0.8389,1.0,1.0,17.0,96.88,103.49,0.0,47.72,D0
post_completion,medium,5,50,attacker,20,20,1.08,0.054,1.0,1.0,0.8389,1.0,1.0,34.0,199.24,206.96,0.0,24.45,D0
post_completion,medium,5,75,attacker,20,20,1.62,0.081,1.0,1.0,0.8389,1.0,1.0,52.0,295.98,307.91,0.0,16.52,D0
post_completion,medium,5,90,attacker,20,20,1.92,0.096,1.0,1.0,0.8389,1.0,1.0,62.0,349.8,364.17,0.0,14.02,D0
post_completion,medium,5,100.0,honest,20,20,0.0,0.0,0.0,0.0,0.0,0.1611,0.0,69.0,393.08,401.15,0.0,12.55,n/a
post_completion,medium,20,0,attacker,20,20,0.09,0.0045,1.0,1.0,0.8389,1.0,1.0,1.0,41.65,46.46,0.0,314.46,D0
post_completion,medium,20,25,attacker,20,20,0.57,0.0285,1.0,1.0,0.8389,1.0,1.0,17.0,142.13,143.31,9.835,138.43,D0
post_completion,medium,20,50,attacker,20,20,1.08,0.054,1.0,1.0,0.8389,1.0,1.0,34.0,232.82,240.68,3.016,82.18,D0
post_completion,medium,20,75,attacker,20,20,1.62,0.081,1.0,1.0,0.8389,1.0,1.0,52.0,378.88,384.64,7.925,51.86,D0
post_completion,medium,20,90,attacker,20,20,1.92,0.096,1.0,1.0,0.8389,1.0,1.0,62.0,399.27,401.38,8.47,48.34,D0
post_completion,medium,20,100.0,honest,20,20,0.0,0.0,0.0,0.0,0.0,0.1611,0.0,69.0,445.9,451.68,0.0,43.77,n/a
post_completion,medium,50,0,attacker,20,20,0.0915,0.004575,1.0,1.0,0.8389,1.0,1.0,1.05,45.56,55.82,0.0,321.8,D0
post_completion,medium,50,25,attacker,20,20,0.57,0.0285,1.0,1.0,0.8389,1.0,1.0,17.0,135.38,138.71,0.0,139.96,D0
post_completion,medium,50,50,attacker,20,20,1.08,0.054,1.0,1.0,0.8389,1.0,1.0,34.0,232.53,235.27,5.896,84.58,D0
post_completion,medium,50,75,attacker,20,20,1.62,0.081,1.0,1.0,0.8389,1.0,1.0,52.0,341.15,345.32,0.0,56.59,D0
post_completion,medium,50,90,attacker,20,20,1.92,0.096,1.0,1.0,0.8389,1.0,1.0,62.0,395.04,398.34,0.0,48.5,D0
post_completion,medium,50,100.0,honest,20,20,0.0,0.0,0.0,0.0,0.0,0.1611,0.0,69.0,456.72,458.05,0.0,43.22,n/a
post_completion,medium,100,0,attacker,20,20,0.09,0.0045,1.0,1.0,0.8389,1.0,1.0,1.0,42.47,47.5,0.0,313.49,D0
post_completion,medium,100,25,attacker,20,20,0.57,0.0285,1.0,1.0,0.8389,1.0,1.0,17.0,136.09,143.0,0.0,133.07,D0
post_completion,medium,100,50,attacker,20,20,1.0815,0.054075,1.0,1.0,0.8389,1.0,1.0,34.05,238.95,240.81,8.144,79.14,D0
post_completion,medium,100,75,attacker,20,20,1.62,0.081,1.0,1.0,0.8389,1.0,1.0,52.0,350.82,353.06,8.196,54.57,D0
post_completion,medium,100,90,attacker,20,20,1.92,0.096,1.0,1.0,0.8389,1.0,1.0,62.0,401.3,403.83,6.747,48.64,D0
post_completion,medium,100,100.0,honest,20,20,0.0,0.0,0.0,0.0,0.0,0.1611,0.0,69.0,445.23,446.7,0.0,44.59,n/a
reserve_refund_on_abort,medium,1,0,attacker,20,20,0.09,0.0045,1.0,1.0,0.8389,1.0,1.0,1.0,7.0,9.67,0.0,110.34,D0
reserve_refund_on_abort,medium,1,25,attacker,20,20,0.57,0.0285,1.0,1.0,0.8389,1.0,1.0,17.0,97.44,109.5,0.0,9.99,D0
reserve_refund_on_abort,medium,1,50,attacker,20,20,1.08,0.054,1.0,1.0,0.8389,1.0,1.0,34.0,192.14,198.47,2.512,5.15,D0
reserve_refund_on_abort,medium,1,75,attacker,20,20,1.62,0.081,1.0,1.0,0.8389,1.0,1.0,52.0,307.34,317.74,0.0,3.26,D0
reserve_refund_on_abort,medium,1,90,attacker,20,20,1.92,0.096,1.0,1.0,0.8389,1.0,1.0,62.0,358.04,369.09,0.0,2.79,D0
reserve_refund_on_abort,medium,1,100.0,honest,20,20,0.0,0.0,0.0,0.0,0.0,0.1611,0.0,69.0,404.41,413.25,0.0,2.47,n/a
reserve_refund_on_abort,medium,5,0,attacker,20,20,0.09,0.0045,1.0,1.0,0.8389,1.0,1.0,1.0,18.6,26.08,0.0,216.79,D0
reserve_refund_on_abort,medium,5,25,attacker,20,20,0.57,0.0285,1.0,1.0,0.8389,1.0,1.0,17.0,104.97,111.59,0.0,46.65,D0
reserve_refund_on_abort,medium,5,50,attacker,20,20,1.08,0.054,1.0,1.0,0.8389,1.0,1.0,34.0,202.62,215.09,0.0,24.36,D0
reserve_refund_on_abort,medium,5,75,attacker,20,20,1.62,0.081,1.0,1.0,0.8389,1.0,1.0,52.0,309.45,327.12,0.0,15.95,D0
reserve_refund_on_abort,medium,5,90,attacker,20,20,1.92,0.096,1.0,1.0,0.8389,1.0,1.0,62.0,369.12,388.26,0.0,13.44,D0
reserve_refund_on_abort,medium,5,100.0,honest,20,20,0.0,0.0,0.0,0.0,0.0,0.1611,0.0,69.0,392.95,410.0,0.0,12.57,n/a
reserve_refund_on_abort,medium,20,0,attacker,20,20,0.09,0.0045,1.0,1.0,0.8389,1.0,1.0,1.0,52.69,94.68,0.0,195.87,D0
reserve_refund_on_abort,medium,20,25,attacker,20,20,0.57,0.0285,1.0,1.0,0.8389,1.0,1.0,17.0,142.42,150.51,0.0,129.22,D0
reserve_refund_on_abort,medium,20,50,attacker,20,20,1.08,0.054,1.0,1.0,0.8389,1.0,1.0,34.0,239.11,248.39,0.0,78.74,D0
reserve_refund_on_abort,medium,20,75,attacker,20,20,1.62,0.081,1.0,1.0,0.8389,1.0,1.0,52.0,348.49,361.13,0.0,54.91,D0
reserve_refund_on_abort,medium,20,90,attacker,20,20,1.92,0.096,1.0,1.0,0.8389,1.0,1.0,62.0,418.24,428.29,0.0,46.39,D0
reserve_refund_on_abort,medium,20,100.0,honest,20,20,0.0,0.0,0.0,0.0,0.0,0.1611,0.0,69.0,450.8,461.76,0.0,43.14,n/a
reserve_refund_on_abort,medium,50,0,attacker,20,20,0.09,0.0045,1.0,1.0,0.8389,1.0,1.0,1.0,47.87,84.79,0.0,228.37,D0
reserve_refund_on_abort,medium,50,25,attacker,20,20,0.57,0.0285,1.0,1.0,0.8389,1.0,1.0,17.0,134.86,142.61,0.0,138.05,D0
reserve_refund_on_abort,medium,50,50,attacker,20,20,1.08,0.054,1.0,1.0,0.8389,1.0,1.0,34.0,243.79,252.27,0.0,78.54,D0
reserve_refund_on_abort,medium,50,75,attacker,20,20,1.62,0.081,1.0,1.0,0.8389,1.0,1.0,52.0,339.77,347.79,0.0,57.29,D0
reserve_refund_on_abort,medium,50,90,attacker,20,20,1.92,0.096,1.0,1.0,0.8389,1.0,1.0,62.0,401.88,413.28,0.0,48.18,D0
reserve_refund_on_abort,medium,50,100.0,honest,20,20,0.0,0.0,0.0,0.0,0.0,0.1611,0.0,69.0,458.63,470.64,0.0,42.44,n/a
reserve_refund_on_abort,medium,100,0,attacker,20,20,0.09,0.0045,1.0,1.0,0.8389,1.0,1.0,1.0,84.11,119.03,0.0,156.85,D0
reserve_refund_on_abort,medium,100,25,attacker,20,20,0.57,0.0285,1.0,1.0,0.8389,1.0,1.0,17.0,136.89,143.84,0.0,137.49,D0
reserve_refund_on_abort,medium,100,50,attacker,20,20,1.08,0.054,1.0,1.0,0.8389,1.0,1.0,34.0,249.03,257.26,0.0,77.2,D0
reserve_refund_on_abort,medium,100,75,attacker,20,20,1.62,0.081,1.0,1.0,0.8389,1.0,1.0,52.0,343.76,350.89,0.0,56.63,D0
reserve_refund_on_abort,medium,100,90,attacker,20,20,1.92,0.096,1.0,1.0,0.8389,1.0,1.0,62.0,392.15,397.73,0.0,50.18,D0
reserve_refund_on_abort,medium,100,100.0,honest,20,20,0.0,0.0,0.0,0.0,0.0,0.1611,0.0,69.0,440.89,453.43,0.0,43.96,n/a
