architecture,price_tier,concurrency,manipulation,client_type,n_records,total_leak_absolute,leak_per_request,leakage_efficiency_mean,request_asr,request_asr_lo,request_asr_hi,invariant_violation_rate,throughput_rps,latency_p50_ms,latency_p95_ms,latency_p99_ms,error_rate,timeouts,detection
client,low,1,honest,honest,20,0.0,0.0,0.0,0.0,0.0,0.1611,0.0,17.44,55.16,73.47,73.6,0.0,0,n/a
client,low,1,under_report_output_50,attacker,20,0.09,0.0045,0.3237,1.0,0.8389,1.0,1.0,17.94,55.91,58.46,61.11,0.0,0,D0
client,low,1,under_report_output_90,attacker,20,0.162,0.0081,0.5827,1.0,0.8389,1.0,1.0,18.47,54.45,58.06,58.9,0.0,0,D0
client,low,1,under_report_input_50,attacker,20,0.004,0.0002,0.0144,1.0,0.8389,1.0,1.0,18.24,54.61,59.59,61.35,0.0,0,D0
client,low,1,drop_reasoning,attacker,20,0.09,0.0045,0.3237,1.0,0.8389,1.0,1.0,18.02,55.49,61.27,61.99,0.0,0,D0
client,low,1,inflate_cached,attacker,20,0.087,0.00435,0.3129,1.0,0.8389,1.0,1.0,18.32,54.95,57.56,59.24,0.0,0,D0
client,low,1,total_mismatch,attacker,20,0.0,0.0,0.0,0.0,0.0,0.1611,0.0,18.37,53.45,59.77,60.87,0.0,0,n/a
client,low,1,rounding_shave,attacker,20,0.01,0.0005,0.036,1.0,0.8389,1.0,1.0,18.31,54.34,58.65,62.25,0.0,0,D0
client_logged,low,1,honest,honest,20,0.0,0.0,0.0,0.0,0.0,0.1611,0.0,18.29,54.53,58.78,58.88,0.0,0,n/a
client_logged,low,1,under_report_output_50,attacker,20,0.09,0.0045,0.3237,1.0,0.8389,1.0,1.0,18.58,54.11,57.69,60.31,0.0,0,D1
client_logged,low,1,under_report_output_90,attacker,20,0.162,0.0081,0.5827,1.0,0.8389,1.0,1.0,18.69,53.44,56.69,58.15,0.0,0,D1
client_logged,low,1,under_report_input_50,attacker,20,0.004,0.0002,0.0144,1.0,0.8389,1.0,1.0,18.04,55.84,59.79,60.11,0.0,0,D1
client_logged,low,1,drop_reasoning,attacker,20,0.09,0.0045,0.3237,1.0,0.8389,1.0,1.0,18.6,53.79,59.02,61.29,0.0,0,D1
client_logged,low,1,inflate_cached,attacker,20,0.087,0.00435,0.3129,1.0,0.8389,1.0,1.0,17.93,55.8,59.66,65.33,0.0,0,D1
client_logged,low,1,total_mismatch,attacker,20,0.0,0.0,0.0,0.0,0.0,0.1611,0.0,18.11,54.53,60.23,61.55,0.0,0,n/a
client_logged,low,1,rounding_shave,attacker,20,0.01,0.0005,0.036,1.0,0.8389,1.0,1.0,18.13,55.59,61.34,61.4,0.0,0,D1
client_total,low,1,honest,honest,20,0.0,0.0,0.0,0.0,0.0,0.1611,0.0,18.4,54.99,57.43,59.57,0.0,0,n/a
client_total,low,1,under_report_output_50,attacker,20,0.074,0.0037,0.2662,1.0,0.8389,1.0,1.0,18.17,54.83,59.15,60.9,0.0,0,D0
client_total,low,1,under_report_output_90,attacker,20,0.146,0.0073,0.5252,1.0,0.8389,1.0,1.0,18.61,53.86,57.75,59.06,0.0,0,D0
client_total,low,1,under_report_input_50,attacker,20,0.0,0.0,0.0,0.0,0.0,0.1611,0.0,18.49,54.16,58.02,59.38,0.0,0,n/a
client_total,low,1,drop_reasoning,attacker,20,0.074,0.0037,0.2662,1.0,0.8389,1.0,1.0,18.13,55.42,57.83,58.89,0.0,0,D0
client_total,low,1,inflate_cached,attacker,20,0.0,0.0,0.0,0.0,0.0,0.1611,0.0,17.96,56.04,60.33,60.74,0.0,0,n/a
client_total,low,1,total_mismatch,attacker,20,0.206,0.0103,0.741,1.0,0.8389,1.0,1.0,18.5,54.01,58.42,59.06,0.0,0,D0
client_total,low,1,rounding_shave,attacker,20,0.0,0.0,0.0,0.0,0.0,0.1611,0.0,18.61,53.7,58.36,59.8,0.0,0,n/a
upstream,low,1,honest,honest,20,0.0,0.0,0.0,0.0,0.0,0.1611,0.0,19.13,52.14,53.63,55.06,0.0,0,n/a
upstream,low,1,under_report_output_50,attacker,20,0.0,0.0,0.0,0.0,0.0,0.1611,0.0,18.66,53.3,57.22,58.55,0.0,0,n/a
upstream,low,1,under_report_output_90,attacker,20,0.0,0.0,0.0,0.0,0.0,0.1611,0.0,19.03,52.33,54.9,56.79,0.0,0,n/a
upstream,low,1,under_report_input_50,attacker,20,0.0,0.0,0.0,0.0,0.0,0.1611,0.0,18.89,52.9,56.57,57.05,0.0,0,n/a
upstream,low,1,drop_reasoning,attacker,20,0.0,0.0,0.0,0.0,0.0,0.1611,0.0,18.78,53.02,56.48,57.75,0.0,0,n/a
upstream,low,1,inflate_cached,attacker,20,0.0,0.0,0.0,0.0,0.0,0.1611,0.0,18.24,54.99,60.21,60.48,0.0,0,n/a
upstream,low,1,total_mismatch,attacker,20,0.0,0.0,0.0,0.0,0.0,0.1611,0.0,18.3,54.59,56.92,58.91,0.0,0,n/a
upstream,low,1,rounding_shave,attacker,20,0.0,0.0,0.0,0.0,0.0,0.1611,0.0,18.39,55.02,59.73,60.06,0.0,0,n/a
server_recount,low,1,honest,honest,20,0.0,0.0,0.0,0.0,0.0,0.1611,0.0,18.39,54.61,57.46,58.33,0.0,0,n/a
server_recount,low,1,under_report_output_50,attacker,20,0.0,0.0,0.0,0.0,0.0,0.1611,0.0,18.28,55.59,57.94,59.3,0.0,0,n/a
server_recount,low,1,under_report_output_90,attacker,20,0.0,0.0,0.0,0.0,0.0,0.1611,0.0,17.95,54.97,63.24,71.11,0.0,0,n/a
server_recount,low,1,under_report_input_50,attacker,20,0.0,0.0,0.0,0.0,0.0,0.1611,0.0,18.12,54.95,58.87,61.77,0.0,0,n/a
server_recount,low,1,drop_reasoning,attacker,20,0.0,0.0,0.0,0.0,0.0,0.1611,0.0,18.18,55.14,59.87,62.04,0.0,0,n/a
server_recount,low,1,inflate_cached,attacker,20,0.0,0.0,0.0,0.0,0.0,0.1611,0.0,18.39,54.23,58.53,58.8,0.0,0,n/a
server_recount,low,1,total_mismatch,attacker,20,0.0,0.0,0.0,0.0,0.0,0.1611,0.0,18.56,54.05,56.85,58.15,0.0,0,n/a
server_recount,low,1,rounding_shave,attacker,20,0.0,0.0,0.0,0.0,0.0,0.1611,0.0,18.5,54.35,56.38,56.66,0.0,0,n/a
hybrid_reconcile,low,1,honest,honest,20,0.0,0.0,0.0,0.0,0.0,0.1611,0.0,18.48,55.03,56.82,57.81,0.0,0,n/a
hybrid_reconcile,low,1,under_report_output_50,attacker,20,0.0,0.0,0.0,0.0,0.0,0.1611,0.0,18.35,54.94,58.04,58.53,0.0,0,n/a
hybrid_reconcile,low,1,under_report_output_90,attacker,20,0.0,0.0,0.0,0.0,0.0,0.1611,0.0,18.49,53.45,58.75,61.98,0.0,0,n/a
hybrid_reconcile,low,1,under_report_input_50,attacker,20,0.0,0.0,0.0,0.0,0.0,0.1611,0.0,18.76,53.42,57.31,59.47,0.0,0,n/a
hybrid_reconcile,low,1,drop_reasoning,attacker,20,0.0,0.0,0.0,0.0,0.0,0.1611,0.0,19.02,52.43,56.6,57.7,0.0,0,n/a
hybrid_reconcile,low,1,inflate_cached,attacker,20,0.0,0.0,0.0,0.0,0.0,0.1611,0.0,18.8,53.53,58.55,63.14,0.0,0,n/a
hybrid_reconcile,low,1,total_mismatch,attacker,20,0.0,0.0,0.0,0.0,0.0,0.1611,0.0,18.76,53.33,57.93,60.43,0.0,0,n/a
hybrid_reconcile,low,1,rounding_shave,attacker,20,0.0,0.0,0.0,0.0,0.0,0.1611,0.0,18.34,54.54,57.53,60.16,0.0,0,n/a
client,medium,1,honest,honest,20,0.0,0.0,0.0,0.0,0.0,0.1611,0.0,18.75,52.96,58.5,59.46,0.0,0,n/a
client,medium,1,under_report_output_50,attacker,20,0.9,0.045,0.3237,1.0,0.8389,1.0,1.0,18.53,52.89,58.29,59.03,0.0,0,D0
client,medium,1,under_report_output_90,attacker,20,1.62,0.081,0.5827,1.0,0.8389,1.0,1.0,18.61,54.55,56.92,57.41,0.0,0,D0
client,medium,1,under_report_input_50,attacker,20,0.04,0.002,0.0144,1.0,0.8389,1.0,1.0,18.56,54.0,58.24,58.77,0.0,0,D0
client,medium,1,drop_reasoning,attacker,20,0.9,0.045,0.3237,1.0,0.8389,1.0,1.0,18.7,52.96,57.8,59.45,0.0,0,D0
client,medium,1,inflate_cached,attacker,20,0.87,0.0435,0.3129,1.0,0.8389,1.0,1.0,18.85,52.72,57.92,58.95,0.0,0,D0
client,medium,1,total_mismatch,attacker,20,0.0,0.0,0.0,0.0,0.0,0.1611,0.0,18.45,53.92,58.37,59.63,0.0,0,n/a
client,medium,1,rounding_shave,attacker,20,0.1,0.005,0.036,1.0,0.8389,1.0,1.0,18.34,54.47,59.99,60.08,0.0,0,D0
client_logged,medium,1,honest,honest,20,0.0,0.0,0.0,0.0,0.0,0.1611,0.0,18.7,53.55,57.16,62.36,0.0,0,n/a
client_logged,medium,1,under_report_output_50,attacker,20,0.9,0.045,0.3237,1.0,0.8389,1.0,1.0,18.27,55.72,59.01,60.42,0.0,0,D1
client_logged,medium,1,under_report_output_90,attacker,20,1.62,0.081,0.5827,1.0,0.8389,1.0,1.0,18.15,55.16,59.5,60.36,0.0,0,D1
client_logged,medium,1,under_report_input_50,attacker,20,0.04,0.002,0.0144,1.0,0.8389,1.0,1.0,18.74,53.3,56.34,56.94,0.0,0,D1
client_logged,medium,1,drop_reasoning,attacker,20,0.9,0.045,0.3237,1.0,0.8389,1.0,1.0,18.04,54.91,58.86,79.76,0.0,0,D1
client_logged,medium,1,inflate_cached,attacker,20,0.87,0.0435,0.3129,1.0,0.8389,1.0,1.0,18.59,53.62,58.26,59.18,0.0,0,D1
client_logged,medium,1,total_mismatch,attacker,20,0.0,0.0,0.0,0.0,0.0,0.1611,0.0,18.77,53.34,57.38,57.96,0.0,0,n/a
client_logged,medium,1,rounding_shave,attacker,20,0.1,0.005,0.036,1.0,0.8389,1.0,1.0,18.98,52.51,55.19,57.51,0.0,0,D1
client_total,medium,1,honest,honest,20,0.0,0.0,0.0,0.0,0.0,0.1611,0.0,18.77,53.74,57.07,57.34,0.0,0,n/a
client_total,medium,1,under_report_output_50,attacker,20,0.74,0.037,0.2662,1.0,0.8389,1.0,1.0,18.54,54.28,57.06,59.52,0.0,0,D0
client_total,medium,1,under_report_output_90,attacker,20,1.46,0.073,0.5252,1.0,0.8389,1.0,1.0,18.57,53.52,56.96,58.5,0.0,0,D0
client_total,medium,1,under_report_input_50,attacker,20,0.0,0.0,0.0,0.0,0.0,0.1611,0.0,18.72,52.76,57.12,60.03,0.0,0,n/a
client_total,medium,1,drop_reasoning,attacker,20,0.74,0.037,0.2662,1.0,0.8389,1.0,1.0,18.95,52.84,56.44,58.96,0.0,0,D0
client_total,medium,1,inflate_cached,attacker,20,0.0,0.0,0.0,0.0,0.0,0.1611,0.0,19.06,53.05,56.48,57.33,0.0,0,n/a
client_total,medium,1,total_mismatch,attacker,20,2.06,0.103,0.741,1.0,0.8389,1.0,1.0,19.12,51.92,56.86,60.22,0.0,0,D0
client_total,medium,1,rounding_shave,attacker,20,0.0,0.0,0.0,0.0,0.0,0.1611,0.0,19.11,52.6,55.75,60.52,0.0,0,n/a
upstream,medium,1,honest,honest,20,0.0,0.0,0.0,0.0,0.0,0.1611,0.0,18.59,54.02,56.92,58.68,0.0,0,n/a
upstream,medium,1,under_report_output_50,attacker,20,0.0,0.0,0.0,0.0,0.0,0.1611,0.0,18.25,54.86,57.96,58.78,0.0,0,n/a
upstream,medium,1,under_report_output_90,attacker,20,0.0,0.0,0.0,0.0,0.0,0.1611,0.0,18.72,52.46,57.7,64.35,0.0,0,n/a
upstream,medium,1,under_report_input_50,attacker,20,0.0,0.0,0.0,0.0,0.0,0.1611,0.0,19.3,51.97,54.42,55.74,0.0,0,n/a
upstream,medium,1,drop_reasoning,attacker,20,0.0,0.0,0.0,0.0,0.0,0.1611,0.0,19.06,51.94,58.68,65.66,0.0,0,n/a
upstream,medium,1,inflate_cached,attacker,20,0.0,0.0,0.0,0.0,0.0,0.1611,0.0,19.25,51.51,55.09,56.62,0.0,0,n/a
upstream,medium,1,total_mismatch,attacker,20,0.0,0.0,0.0,0.0,0.0,0.1611,0.0,18.51,53.79,58.29,60.25,0.0,0,n/a
upstream,medium,1,rounding_shave,attacker,20,0.0,0.0,0.0,0.0,0.0,0.1611,0.0,18.62,53.69,57.34,58.11,0.0,0,n/a
server_recount,medium,1,honest,honest,20,0.0,0.0,0.0,0.0,0.0,0.1611,0.0,18.13,54.32,59.06,71.39,0.0,0,n/a
server_recount,medium,1,under_report_output_50,attacker,20,0.0,0.0,0.0,0.0,0.0,0.1611,0.0,18.8,53.45,56.56,57.76,0.0,0,n/a
server_recount,medium,1,under_report_output_90,attacker,20,0.0,0.0,0.0,0.0,0.0,0.1611,0.0,18.24,55.08,58.96,60.85,0.0,0,n/a
server_recount,medium,1,under_report_input_50,attacker,20,0.0,0.0,0.0,0.0,0.0,0.1611,0.0,18.23,55.64,57.48,57.93,0.0,0,n/a
server_recount,medium,1,drop_reasoning,attacker,20,0.0,0.0,0.0,0.0,0.0,0.1611,0.0,19.33,52.03,54.08,57.51,0.0,0,n/a
server_recount,medium,1,inflate_cached,attacker,20,0.0,0.0,0.0,0.0,0.0,0.1611,0.0,19.37,52.02,53.29,55.72,0.0,0,n/a
server_recount,medium,1,total_mismatch,attacker,20,0.0,0.0,0.0,0.0,0.0,0.1611,0.0,19.44,52.01,53.89,53.99,0.0,0,n/a
server_recount,medium,1,rounding_shave,attacker,20,0.0,0.0,0.0,0.0,0.0,0.1611,0.0,19.46,50.67,55.55,62.44,0.0,0,n/a
hybrid_reconcile,medium,1,honest,honest,20,0.0,0.0,0.0,0.0,0.0,0.1611,0.0,18.69,52.06,59.16,63.36,0.0,0,n/a
hybrid_reconcile,medium,1,under_report_output_50,attacker,20,0.0,0.0,0.0,0.0,0.0,0.1611,0.0,18.84,53.22,55.19,58.33,0.0,0,n/a
hybrid_reconcile,medium,1,under_report_output_90,attacker,20,0.0,0.0,0.0,0.0,0.0,0.1611,0.0,18.99,52.56,56.65,59.49,0.0,0,n/a
hybrid_reconcile,medium,1,under_report_input_50,attacker,20,0.0,0.0,0.0,0.0,0.0,0.1611,0.0,19.13,52.12,56.74,56.81,0.0,0,n/a
hybrid_reconcile,medium,1,drop_reasoning,attacker,20,0.0,0.0,0.0,0.0,0.0,0.1611,0.0,19.13,52.18,54.7,56.52,0.0,0,n/a
hybrid_reconcile,medium,1,inflate_cached,attacker,20,0.0,0.0,0.0,0.0,0.0,0.1611,0.0,19.23,52.02,54.9,56.01,0.0,0,n/a
hybrid_reconcile,medium,1,total_mismatch,attacker,20,0.0,0.0,0.0,0.0,0.0,0.1611,0.0,18.87,52.56,56.66,69.38,0.0,0,n/a
hybrid_reconcile,medium,1,rounding_shave,attacker,20,0.0,0.0,0.0,0.0,0.0,0.1611,0.0,18.63,52.5,58.22,59.67,0.0,0,n/a
client,high,1,honest,honest,20,0.0,0.0,0.0,0.0,0.0,0.1611,0.0,18.93,52.33,56.77,56.84,0.0,0,n/a
client,high,1,under_report_output_50,attacker,20,9.0,0.45,0.3275,1.0,0.8389,1.0,1.0,18.74,52.85,59.66,61.8,0.0,0,D0
client,high,1,under_report_output_90,attacker,20,16.2,0.81,0.5895,1.0,0.8389,1.0,1.0,18.51,53.22,58.31,72.78,0.0,0,D0
client,high,1,under_report_input_50,attacker,20,0.24,0.012,0.0087,1.0,0.8389,1.0,1.0,18.68,52.5,56.7,58.44,0.0,0,D0
client,high,1,drop_reasoning,attacker,20,9.0,0.45,0.3275,1.0,0.8389,1.0,1.0,18.37,54.4,57.95,59.83,0.0,0,D0
client,high,1,inflate_cached,attacker,20,8.82,0.441,0.321,1.0,0.8389,1.0,1.0,18.96,53.75,56.95,60.52,0.0,0,D0
client,high,1,total_mismatch,attacker,20,0.0,0.0,0.0,0.0,0.0,0.1611,0.0,18.68,53.59,57.41,57.77,0.0,0,n/a
client,high,1,rounding_shave,attacker,20,0.96,0.048,0.0349,1.0,0.8389,1.0,1.0,18.76,52.64,57.7,57.91,0.0,0,D0
client_logged,high,1,honest,honest,20,0.0,0.0,0.0,0.0,0.0,0.1611,0.0,18.43,54.04,60.05,60.82,0.0,0,n/a
client_logged,high,1,under_report_output_50,attacker,20,9.0,0.45,0.3275,1.0,0.8389,1.0,1.0,18.81,52.65,60.16,62.37,0.0,0,D1
client_logged,high,1,under_report_output_90,attacker,20,16.2,0.81,0.5895,1.0,0.8389,1.0,1.0,18.8,52.92,56.9,61.46,0.0,0,D1
client_logged,high,1,under_report_input_50,attacker,20,0.24,0.012,0.0087,1.0,0.8389,1.0,1.0,18.31,54.59,59.05,60.64,0.0,0,D1
client_logged,high,1,drop_reasoning,attacker,20,9.0,0.45,0.3275,1.0,0.8389,1.0,1.0,18.2,55.32,59.28,59.94,0.0,0,D1
client_logged,high,1,inflate_cached,attacker,20,8.82,0.441,0.321,1.0,0.8389,1.0,1.0,18.85,52.97,55.1,60.03,0.0,0,D1
client_logged,high,1,total_mismatch,attacker,20,0.0,0.0,0.0,0.0,0.0,0.1611,0.0,18.96,52.74,56.81,56.92,0.0,0,n/a
client_logged,high,1,rounding_shave,attacker,20,0.96,0.048,0.0349,1.0,0.8389,1.0,1.0,18.42,54.42,58.04,58.09,0.0,0,D1
client_total,high,1,honest,honest,20,0.0,0.0,0.0,0.0,0.0,0.1611,0.0,19.28,52.15,54.75,55.6,0.0,0,n/a
client_total,high,1,under_report_output_50,attacker,20,7.08,0.354,0.2576,1.0,0.8389,1.0,1.0,19.37,51.91,55.1,56.59,0.0,0,D0
client_total,high,1,under_report_output_90,attacker,20,14.28,0.714,0.5197,1.0,0.8389,1.0,1.0,19.19,51.91,55.66,57.34,0.0,0,D0
client_total,high,1,under_report_input_50,attacker,20,0.0,0.0,0.0,0.0,0.0,0.1611,0.0,19.52,51.62,52.65,54.62,0.0,0,n/a
client_total,high,1,drop_reasoning,attacker,20,7.08,0.354,0.2576,1.0,0.8389,1.0,1.0,19.16,52.32,55.58,55.6,0.0,0,D0
client_total,high,1,inflate_cached,attacker,20,0.0,0.0,0.0,0.0,0.0,0.1611,0.0,17.99,55.7,59.0,61.3,0.0,0,n/a
client_total,high,1,total_mismatch,attacker,20,20.28,1.014,0.738,1.0,0.8389,1.0,1.0,19.15,52.5,55.45,55.77,0.0,0,D0
client_total,high,1,rounding_shave,attacker,20,0.0,0.0,0.0,0.0,0.0,0.1611,0.0,18.7,53.43,56.51,57.75,0.0,0,n/a
upstream,high,1,honest,honest,20,0.0,0.0,0.0,0.0,0.0,0.1611,0.0,18.14,55.0,60.58,61.61,0.0,0,n/a
upstream,high,1,under_report_output_50,attacker,20,0.0,0.0,0.0,0.0,0.0,0.1611,0.0,18.81,52.89,55.76,56.65,0.0,0,n/a
upstream,high,1,under_report_output_90,attacker,20,0.0,0.0,0.0,0.0,0.0,0.1611,0.0,19.15,51.68,55.13,57.62,0.0,0,n/a
upstream,high,1,under_report_input_50,attacker,20,0.0,0.0,0.0,0.0,0.0,0.1611,0.0,18.97,52.29,56.46,57.64,0.0,0,n/a
upstream,high,1,drop_reasoning,attacker,20,0.0,0.0,0.0,0.0,0.0,0.1611,0.0,18.88,52.19,56.9,60.09,0.0,0,n/a
upstream,high,1,inflate_cached,attacker,20,0.0,0.0,0.0,0.0,0.0,0.1611,0.0,18.86,52.87,56.0,56.05,0.0,0,n/a
upstream,high,1,total_mismatch,attacker,20,0.0,0.0,0.0,0.0,0.0,0.1611,0.0,18.01,55.79,58.07,61.13,0.0,0,n/a
upstream,high,1,rounding_shave,attacker,20,0.0,0.0,0.0,0.0,0.0,0.1611,0.0,18.25,54.48,59.56,59.73,0.0,0,n/a
server_recount,high,1,honest,honest,20,0.0,0.0,0.0,0.0,0.0,0.1611,0.0,18.61,53.63,57.14,57.64,0.0,0,n/a
server_recount,high,1,under_report_output_50,attacker,20,0.0,0.0,0.0,0.0,0.0,0.1611,0.0,17.95,56.76,60.17,60.92,0.0,0,n/a
server_recount,high,1,under_report_output_90,attacker,20,0.0,0.0,0.0,0.0,0.0,0.1611,0.0,18.27,53.24,61.31,64.48,0.0,0,n/a
server_recount,high,1,under_report_input_50,attacker,20,0.0,0.0,0.0,0.0,0.0,0.1611,0.0,17.92,56.04,60.71,63.14,0.0,0,n/a
server_recount,high,1,drop_reasoning,attacker,20,0.0,0.0,0.0,0.0,0.0,0.1611,0.0,18.66,54.31,55.5,55.69,0.0,0,n/a
server_recount,high,1,inflate_cached,attacker,20,0.0,0.0,0.0,0.0,0.0,0.1611,0.0,18.69,52.94,57.17,57.89,0.0,0,n/a
server_recount,high,1,total_mismatch,attacker,20,0.0,0.0,0.0,0.0,0.0,0.1611,0.0,19.28,51.93,55.48,58.17,0.0,0,n/a
server_recount,high,1,rounding_shave,attacker,20,0.0,0.0,0.0,0.0,0.0,0.1611,0.0,19.2,51.99,54.33,59.72,0.0,0,n/a
hybrid_reconcile,high,1,honest,honest,20,0.0,0.0,0.0,0.0,0.0,0.1611,0.0,19.25,51.72,54.17,54.61,0.0,0,n/a
hybrid_reconcile,high,1,under_report_output_50,attacker,20,0.0,0.0,0.0,0.0,0.0,0.1611,0.0,18.88,53.04,57.37,58.22,0.0,0,n/a
hybrid_reconcile,high,1,under_report_output_90,attacker,20,0.0,0.0,0.0,0.0,0.0,0.1611,0.0,19.16,52.21,56.91,56.91,0.0,0,n/a
hybrid_reconcile,high,1,under_report_input_50,attacker,20,0.0,0.0,0.0,0.0,0.0,0.1611,0.0,18.8,53.36,54.87,58.73,0.0,0,n/a
hybrid_reconcile,high,1,drop_reasoning,attacker,20,0.0,0.0,0.0,0.0,0.0,0.1611,0.0,19.29,51.78,53.38,54.52,0.0,0,n/a
hybrid_reconcile,high,1,inflate_cached,attacker,20,0.0,0.0,0.0,0.0,0.0,0.1611,0.0,19.18,52.19,54.46,58.18,0.0,0,n/a
hybrid_reconcile,high,1,total_mismatch,attacker,20,0.0,0.0,0.0,0.0,0.0,0.1611,0.0,19.03,52.32,55.98,59.39,0.0,0,n/a
hybrid_reconcile,high,1,rounding_shave,attacker,20,0.0,0.0,0.0,0.0,0.0,0.1611,0.0,18.81,52.67,57.05,58.32,0.0,0,n/a
