engine,family,workload,target_tokens,verified_tokens,reps,cold_ms,mean_ms,std_ms,p50_ms,p95_ms,p99_ms,tokens_per_sec_at_p50,us_per_token_at_p50,tracemalloc_peak_python_heap_kib,process_rss_delta_mb,cold_warm_ratio
tiktoken/cl100k_base,tiktoken,natural,256,256,300,0.149,0.186316,0.011171,0.1833,0.1988,0.2378,1396617.56683,0.716016,20.183594,0.046875,0.812875
tiktoken/cl100k_base,tiktoken,natural,1024,1024,300,0.3714,0.734346,0.049983,0.72,0.8135,0.9295,1422222.222222,0.703125,47.019531,0.003906,0.515833
tiktoken/cl100k_base,tiktoken,natural,4096,4096,300,1.2555,2.88569,0.115626,2.8458,3.1023,3.2537,1439314.076885,0.694775,153.464844,0.019531,0.441176
tiktoken/cl100k_base,tiktoken,natural,16384,16384,299,4.98,11.681195,0.382475,11.6108,12.2861,12.9657,1411100.010335,0.708667,580.199219,1.246094,0.428911
tiktoken/cl100k_base,tiktoken,natural,32768,32768,161,9.4433,23.489513,1.084332,23.2603,24.7227,28.3803,1408752.251691,0.709848,1145.886719,1.035156,0.405984
tiktoken/cl100k_base,tiktoken,code,256,256,300,0.1776,0.186538,0.025142,0.181,0.1974,0.3494,1414364.640884,0.707031,19.363281,0.0,0.981215
tiktoken/cl100k_base,tiktoken,code,1024,1024,300,0.4609,0.711941,0.058732,0.698,0.7759,0.9576,1467048.710602,0.681641,42.480469,0.0,0.660315
tiktoken/cl100k_base,tiktoken,code,4096,4096,300,1.4826,2.891296,0.246566,2.8237,3.2835,3.5703,1450579.027517,0.68938,138.070312,0.0,0.525056
tiktoken/cl100k_base,tiktoken,code,16384,16384,266,5.8209,11.417797,0.490841,11.3241,12.0803,13.0327,1446825.796311,0.691168,511.304688,0.003906,0.514028
tiktoken/cl100k_base,tiktoken,code,32768,32768,133,11.4686,23.013614,0.869701,22.8689,24.0717,28.0945,1432862.971109,0.697903,1011.933594,0.265625,0.501493
tiktoken/cl100k_base,tiktoken,json,256,256,300,0.1762,0.177661,0.010643,0.1764,0.1827,0.2308,1451247.165533,0.689063,18.898438,0.0,0.998866
tiktoken/cl100k_base,tiktoken,json,1024,1024,300,0.4946,0.719076,0.054221,0.7025,0.8147,0.9605,1457651.245552,0.686035,42.125,0.0,0.704057
tiktoken/cl100k_base,tiktoken,json,4096,4096,300,1.5402,2.820004,0.219565,2.7615,3.1644,3.7039,1483251.855875,0.674194,133.066406,0.0,0.55774
tiktoken/cl100k_base,tiktoken,json,16384,16384,273,6.0906,11.293948,0.441639,11.2049,11.8623,13.374,1462217.422735,0.683893,498.546875,0.0,0.543566
tiktoken/cl100k_base,tiktoken,json,32768,32768,130,12.5173,23.219928,1.154503,23.0074,25.1391,28.4472,1424237.419265,0.70213,982.320312,0.0,0.544055
tiktoken/cl100k_base,tiktoken,high_entropy,256,256,300,0.1499,0.085769,0.007295,0.0843,0.0934,0.102,3036773.428233,0.329297,15.78125,0.0,1.778173
tiktoken/cl100k_base,tiktoken,high_entropy,1024,1024,300,0.3183,0.336329,0.03248,0.33,0.3593,0.5005,3103030.30303,0.322266,29.792969,0.0,0.964545
tiktoken/cl100k_base,tiktoken,high_entropy,4096,4096,300,1.1123,1.52325,0.244986,1.4271,2.068,2.5498,2870156.260949,0.348413,86.003906,0.0,0.779413
tiktoken/cl100k_base,tiktoken,high_entropy,16384,16384,300,3.5188,6.013709,0.558243,5.8646,6.857,8.8134,2793711.421069,0.357947,308.910156,0.003906,0.600007
tiktoken/cl100k_base,tiktoken,high_entropy,32768,32768,237,6.7671,11.989676,0.524043,11.9318,12.6896,14.1209,2746274.66099,0.36413,607.277344,0.0,0.567148
tiktoken/o200k_base,tiktoken,natural,256,256,300,0.1435,0.158796,0.011851,0.1569,0.1634,0.1906,1631612.492033,0.612891,19.960938,0.0,0.914595
tiktoken/o200k_base,tiktoken,natural,1024,1024,300,0.2731,0.635544,0.050584,0.621,0.7159,0.8401,1648953.301127,0.606445,46.769531,0.007812,0.439775
tiktoken/o200k_base,tiktoken,natural,4096,4096,300,0.9001,2.542991,0.147885,2.4857,2.8472,3.1481,1647825.562216,0.60686,153.214844,0.003906,0.362111
tiktoken/o200k_base,tiktoken,natural,16384,16384,300,3.1949,10.224578,0.732171,10.0462,11.0502,13.7392,1630865.401843,0.613171,579.972656,0.015625,0.318021
tiktoken/o200k_base,tiktoken,natural,32768,32768,245,6.428,20.513909,0.987366,20.25,22.8892,24.689,1618172.839506,0.617981,1148.691406,0.019531,0.317432
tiktoken/o200k_base,tiktoken,code,256,256,300,0.2068,0.163026,0.060946,0.1509,0.2144,0.3567,1696487.740225,0.589453,19.113281,0.0,1.370444
tiktoken/o200k_base,tiktoken,code,1024,1024,300,0.33,0.592602,0.055018,0.5782,0.6648,0.9236,1771013.490142,0.564648,42.285156,0.0,0.570737
tiktoken/o200k_base,tiktoken,code,4096,4096,300,1.0405,2.389701,0.157965,2.3451,2.5984,3.1908,1746620.613193,0.572534,137.871094,0.0,0.443691
tiktoken/o200k_base,tiktoken,code,16384,16384,300,3.865,9.674806,0.609624,9.535,10.8447,12.7041,1718300.996329,0.58197,512.539062,0.0,0.405349
tiktoken/o200k_base,tiktoken,code,32768,32768,204,7.5392,19.296507,0.684911,19.1306,20.3656,22.1297,1712857.934409,0.58382,1014.9375,-0.066406,0.394091
tiktoken/o200k_base,tiktoken,json,256,256,300,0.1463,0.151811,0.028577,0.1462,0.1654,0.261,1751025.991792,0.571094,18.648438,0.0,1.000684
tiktoken/o200k_base,tiktoken,json,1024,1024,300,0.3491,0.587002,0.060541,0.5715,0.6635,0.8692,1791776.027997,0.558105,41.875,0.0,0.610849
tiktoken/o200k_base,tiktoken,json,4096,4096,300,1.0762,2.403281,0.916745,2.286,2.715,3.7171,1791776.027997,0.558105,132.816406,0.0,0.470779
tiktoken/o200k_base,tiktoken,json,16384,16384,300,4.1193,9.550784,0.420581,9.4717,10.1659,11.3361,1729784.515979,0.578107,499.035156,0.0,0.434906
tiktoken/o200k_base,tiktoken,json,32768,32768,207,7.5277,19.041218,1.07138,18.7919,20.4882,24.0938,1743730.011335,0.573483,985.21875,0.0,0.400582
tiktoken/o200k_base,tiktoken,high_entropy,256,256,300,0.1399,0.087984,0.007212,0.0869,0.0904,0.0977,2945914.844649,0.339453,15.886719,0.0,1.609896
tiktoken/o200k_base,tiktoken,high_entropy,1024,1024,300,0.3417,0.373183,0.059373,0.3571,0.4481,0.6178,2867544.105293,0.34873,31.375,0.0,0.956875
tiktoken/o200k_base,tiktoken,high_entropy,4096,4096,300,1.0945,1.529532,0.110417,1.4918,1.7824,1.8993,2745676.364124,0.364209,92.839844,0.0,0.733677
tiktoken/o200k_base,tiktoken,high_entropy,16384,16384,300,3.3333,6.065521,0.459815,5.9785,6.5113,7.0106,2740486.744167,0.364899,335.132812,0.0,0.557548
tiktoken/o200k_base,tiktoken,high_entropy,32768,32768,264,6.7778,12.335994,0.752345,12.1712,13.0907,15.7655,2692257.131589,0.371436,659.589844,0.0,0.556872
hf-fast/auto,huggingface-auto,natural,256,256,300,0.5178,0.449754,0.049537,0.4353,0.5269,0.6986,588100.160809,1.700391,29.386719,0.070312,1.189524
hf-fast/auto,huggingface-auto,natural,1024,1024,300,1.4627,1.704902,0.18816,1.651,1.9426,2.3343,620230.163537,1.612305,62.386719,0.03125,0.885948
hf-fast/auto,huggingface-auto,natural,4096,4096,297,5.4963,7.227908,0.371416,7.1743,7.7349,8.7611,570926.780313,1.751538,194.3125,0.0,0.76611
hf-fast/auto,huggingface-auto,natural,16384,16384,49,28.537,36.755294,3.015928,36.0726,45.0417,48.3888,454195.15089,2.201697,713.496094,0.0,0.791099
hf-fast/auto,huggingface-auto,natural,32768,32768,30,70.1589,76.960203,2.912367,76.1807,79.9151,90.0935,430135.191722,2.32485,1416.113281,0.464844,0.920954
hf-fast/auto,huggingface-auto,code,256,256,300,0.3572,0.311323,0.050078,0.2983,0.3942,0.5288,858196.44653,1.165234,29.058594,0.0,1.197452
hf-fast/auto,huggingface-auto,code,1024,1024,300,0.7925,1.014357,0.056552,1.0003,1.1097,1.2531,1023692.892132,0.976855,61.15625,0.003906,0.792262
hf-fast/auto,huggingface-auto,code,4096,4096,300,2.6201,4.033323,0.199197,3.9819,4.3882,4.799,1028654.662347,0.972144,189.199219,0.011719,0.658002
hf-fast/auto,huggingface-auto,code,16384,16384,137,10.8994,18.116767,0.934969,17.9461,19.6424,22.1617,912956.018299,1.095343,696.148438,0.0,0.607341
hf-fast/auto,huggingface-auto,code,32768,32768,60,26.4714,39.046903,1.424209,38.7825,40.4181,43.7613,844917.166248,1.183548,1377.371094,0.0,0.68256
hf-fast/auto,huggingface-auto,json,256,256,300,0.2746,0.262756,0.065999,0.2461,0.3095,0.6222,1040227.549777,0.961328,29.304688,0.0,1.115807
hf-fast/auto,huggingface-auto,json,1024,1024,300,0.6031,0.862264,0.087595,0.8388,1.0028,1.2293,1220791.607058,0.819141,62.035156,0.0,0.719003
hf-fast/auto,huggingface-auto,json,4096,4096,300,1.7869,3.268428,0.176667,3.2131,3.5793,4.0057,1274781.363792,0.784448,192.886719,0.007812,0.55613
hf-fast/auto,huggingface-auto,json,16384,16384,197,7.6996,14.564894,0.860684,14.4244,15.7401,18.4691,1135853.137739,0.880396,712.554688,0.003906,0.53379
hf-fast/auto,huggingface-auto,json,32768,32768,85,16.5674,31.671311,0.97671,31.5577,33.1595,33.379,1038351.971151,0.963065,1406.386719,0.0,0.524988
hf-fast/auto,huggingface-auto,high_entropy,256,256,300,0.2261,0.228186,0.044921,0.2162,0.2938,0.43,1184088.80666,0.844531,29.386719,0.0,1.045791
hf-fast/auto,huggingface-auto,high_entropy,1024,1024,300,0.48,0.714741,0.076532,0.6899,0.8475,0.9876,1484273.083056,0.67373,62.386719,0.0,0.695753
hf-fast/auto,huggingface-auto,high_entropy,4096,4096,300,1.2637,2.688173,0.175146,2.6328,3.0527,3.3716,1555758.128229,0.642773,194.390625,0.0,0.479983
hf-fast/auto,huggingface-auto,high_entropy,16384,16384,300,4.0073,10.703158,0.544472,10.5647,11.577,13.2042,1550824.91694,0.644818,722.398438,0.003906,0.37931
hf-fast/auto,huggingface-auto,high_entropy,32768,32768,170,10.0281,23.668161,1.122182,23.4633,24.9009,28.2409,1396563.995687,0.716043,1421.75,0.0,0.427395
hf-fast/llama,huggingface-fast,natural,256,256,300,0.4528,0.326757,0.030659,0.3202,0.3604,0.4262,799500.312305,1.250781,20.292969,0.0,1.414116
hf-fast/llama,huggingface-fast,natural,1024,1024,300,1.4422,1.502137,0.121792,1.4645,1.7077,2.0097,699214.749061,1.430176,47.292969,0.0,0.984773
hf-fast/llama,huggingface-fast,natural,4096,4096,282,5.556,6.632297,0.376767,6.5395,7.0962,8.0897,626347.58009,1.596558,154.804688,0.0,0.849606
hf-fast/llama,huggingface-fast,natural,16384,16384,52,29.6257,34.678183,3.290423,33.8422,36.353,47.8545,484129.282375,2.065564,578.488281,0.0,0.875407
hf-fast/llama,huggingface-fast,natural,32768,32768,30,64.7484,77.620323,3.877953,76.2574,85.3571,88.1002,429702.560014,2.327191,1153.734375,0.0,0.849077
hf-fast/llama,huggingface-fast,code,256,256,300,0.4638,0.248199,0.366053,0.2023,0.2384,1.4156,1265447.355413,0.790234,19.964844,0.0,2.292635
hf-fast/llama,huggingface-fast,code,1024,1024,300,0.8129,0.873044,0.588632,0.8042,0.9578,1.3935,1273315.095747,0.785352,46.0625,0.0,1.010818
hf-fast/llama,huggingface-fast,code,4096,4096,300,2.6709,3.559647,0.902757,3.4696,3.8071,4.1798,1180539.543463,0.84707,150.101562,0.0,0.769801
hf-fast/llama,huggingface-fast,code,16384,16384,129,11.8974,15.955022,0.608987,15.8143,17.185,17.6158,1036024.357702,0.965228,560.679688,-0.003906,0.752319
hf-fast/llama,huggingface-fast,code,32768,32768,56,28.7258,35.935654,2.363357,35.3401,41.39,42.5012,927218.655295,1.078494,1114.167969,0.0,0.812839
hf-fast/llama,huggingface-fast,json,256,256,300,0.2112,0.15136,0.022259,0.1461,0.1662,0.2767,1752224.503765,0.570703,20.210938,0.0,1.445585
hf-fast/llama,huggingface-fast,json,1024,1024,300,0.6607,0.642305,0.066754,0.6201,0.773,0.9699,1651346.557007,0.605566,46.9375,0.0,1.065473
hf-fast/llama,huggingface-fast,json,4096,4096,300,1.7148,2.577434,0.147877,2.5305,2.8934,3.1472,1618652.440229,0.617798,153.792969,0.0,0.677653
hf-fast/llama,huggingface-fast,json,16384,16384,189,8.212,11.924752,0.538014,11.8291,12.8289,13.4616,1385058.880219,0.721991,577.238281,0.0,0.69422
hf-fast/llama,huggingface-fast,json,32768,32768,87,17.6663,26.745421,0.985471,26.6473,27.9723,29.0175,1229693.064588,0.813211,1143.34375,-0.03125,0.662968
hf-fast/llama,huggingface-fast,high_entropy,256,256,300,0.1649,0.123786,0.020875,0.1167,0.1606,0.2418,2193658.954584,0.455859,20.292969,0.0,1.413025
hf-fast/llama,huggingface-fast,high_entropy,1024,1024,300,0.3689,0.481743,0.076069,0.4635,0.5648,0.8282,2209277.238403,0.452637,47.292969,0.0,0.795901
hf-fast/llama,huggingface-fast,high_entropy,4096,4096,300,1.6106,1.948679,0.25989,1.8878,2.1811,3.006,2169721.368789,0.460889,155.296875,0.0,0.853162
hf-fast/llama,huggingface-fast,high_entropy,16384,16384,300,4.3406,8.072359,0.545589,7.956,9.0813,10.269,2059326.29462,0.485596,587.304688,0.0,0.545576
hf-fast/llama,huggingface-fast,high_entropy,32768,32768,166,8.985,18.087516,0.549324,18.0217,18.9717,19.1698,1818252.440114,0.549979,1158.546875,0.0,0.498566
sentencepiece/llama,sentencepiece,natural,256,256,300,0.5019,0.573125,0.067658,0.5516,0.7075,0.8403,464104.423495,2.154688,20.167969,0.007812,0.909898
sentencepiece/llama,sentencepiece,natural,1024,1024,300,2.1342,2.394454,0.145635,2.3397,2.6453,3.0687,437662.948241,2.284863,47.171875,0.003906,0.912168
sentencepiece/llama,sentencepiece,natural,4096,4096,277,5.9472,9.972608,0.574685,9.8208,10.9026,12.3862,417073.965461,2.397656,154.550781,0.0,0.605572
sentencepiece/llama,sentencepiece,natural,16384,16384,63,26.3379,41.873025,1.023865,41.7785,43.1458,45.2816,392163.433345,2.549957,578.761719,0.0,0.630418
sentencepiece/llama,sentencepiece,natural,32768,32768,30,49.6403,85.573783,2.127377,85.0026,91.405,93.4399,385494.090769,2.594073,1153.609375,0.0,0.583986
sentencepiece/llama,sentencepiece,code,256,256,300,0.2791,0.384349,0.064023,0.3658,0.4885,0.7152,699835.975943,1.428906,19.839844,0.0,0.762985
sentencepiece/llama,sentencepiece,code,1024,1024,300,0.6568,1.548836,0.117158,1.5058,1.7789,2.0061,680037.189534,1.470508,45.941406,0.0,0.43618
sentencepiece/llama,sentencepiece,code,4096,4096,300,2.4108,6.323217,0.356083,6.2253,6.8068,7.7193,657960.258943,1.519849,149.980469,0.0,0.387258
sentencepiece/llama,sentencepiece,code,16384,16384,168,9.3527,25.73645,0.997736,25.4713,26.9593,30.5734,643233.757209,1.554645,561.972656,0.0,0.367186
sentencepiece/llama,sentencepiece,code,32768,32768,79,18.4388,52.146552,0.76275,52.0663,53.4614,54.1969,629351.423089,1.588937,1114.898438,0.0,0.354141
sentencepiece/llama,sentencepiece,json,256,256,300,0.1914,0.318037,0.039108,0.3075,0.384,0.4884,832520.325203,1.201172,20.089844,0.0,0.622439
sentencepiece/llama,sentencepiece,json,1024,1024,300,0.3913,1.370085,0.10391,1.3302,1.615,1.758,769809.05127,1.299023,46.8125,0.0,0.294166
sentencepiece/llama,sentencepiece,json,4096,4096,300,1.2542,5.436622,0.194641,5.3844,5.786,6.123,760716.142931,1.314551,153.671875,0.0,0.232932
sentencepiece/llama,sentencepiece,json,16384,16384,300,5.3637,22.31859,0.731856,22.1632,23.7705,24.9742,739243.430552,1.352734,581.039062,0.0,0.242009
sentencepiece/llama,sentencepiece,json,32768,32768,131,10.9825,45.389699,1.904171,45.0223,47.5162,57.4596,727817.103968,1.373972,1144.871094,0.0,0.243935
sentencepiece/llama,sentencepiece,high_entropy,256,256,300,0.1135,0.295821,0.023357,0.2903,0.3386,0.4091,881846.365828,1.133984,20.171875,0.0,0.390975
sentencepiece/llama,sentencepiece,high_entropy,1024,1024,300,0.272,1.191654,0.078651,1.1656,1.3462,1.499,878517.501716,1.138281,47.167969,0.0,0.233356
sentencepiece/llama,sentencepiece,high_entropy,4096,4096,300,0.797,4.8542,0.219602,4.7844,5.2332,5.6219,856115.709389,1.168066,155.175781,0.0,0.166583
sentencepiece/llama,sentencepiece,high_entropy,16384,16384,300,2.269,19.908577,1.007608,19.7235,21.5458,24.0642,830684.209192,1.203827,587.1875,0.0,0.11504
sentencepiece/llama,sentencepiece,high_entropy,32768,32768,300,4.7977,40.108617,1.274568,39.8798,41.6543,45.4042,821669.115693,1.217035,1163.210938,0.0,0.120304
